<?xml version="1.0" encoding="utf-8"?>
<extension
	type="module"
	version="2.5"
	client="site"
	method="upgrade">
	<name>mod_ma_easypayzarinpal</name>
	<creationDate>February  2015</creationDate>
	<author>Masoud Amini</author>
	<authorEmail>me@masouadamini.ir</authorEmail>
	<authorUrl>http://www.masouadamini.ir</authorUrl>
	<copyright>Copyright 2015 - 2016 masouadamini.ir. All rights reserved!</copyright>
	<license>http://www.gnu.org/copyleft/gpl.html GNU/GPL</license>
	<version>1.0</version>
	<description>MOD_MA_EASYPAYZARINPAL_DESCRIPTION_XML</description>
	<files>
		<filename module="mod_ma_easypayzarinpal">mod_ma_easypayzarinpal.php</filename>
		<folder>tmpl</folder>
		<filename>helper.php</filename>
		<filename>index.html</filename>
		<filename>mod_ma_easypayzarinpal.xml</filename>
	</files>
	<languages>
		<language tag="en-GB">language/en-GB/en-GB.mod_ma_easypayzarinpal.ini</language>
		<language tag="en-GB">language/en-GB/en-GB.mod_ma_easypayzarinpal.sys.ini</language>
		<language tag="fa-IR">language/fa-IR/fa-IR.mod_ma_easypayzarinpal.ini</language>
		<language tag="fa-IR">language/fa-IR/fa-IR.mod_ma_easypayzarinpal.sys.ini</language>
	</languages>
	<config>
		<fields name="params">
			<fieldset
				name="advanced">
				<field
					name="layout"
					type="modulelayout"
					label="JFIELD_ALT_LAYOUT_LABEL"
					description="JFIELD_ALT_MODULE_LAYOUT_DESC" />

				<field
					name="moduleclass_sfx"
					type="text"
					label="COM_MODULES_FIELD_MODULECLASS_SFX_LABEL"
					description="COM_MODULES_FIELD_MODULECLASS_SFX_DESC" />

				<field
					name="cache"
					type="list"
					default="1"
					label="COM_MODULES_FIELD_CACHING_LABEL"
					description="COM_MODULES_FIELD_CACHING_DESC">
					<option
						value="1">JGLOBAL_USE_GLOBAL</option>
					<option
						value="0">COM_MODULES_FIELD_VALUE_NOCACHING</option>
				</field>

				<field
					name="cache_time"
					type="text"
					default="900"
					label="COM_MODULES_FIELD_CACHE_TIME_LABEL"
					description="COM_MODULES_FIELD_CACHE_TIME_DESC" />
				<field
					name="cachemode"
					type="hidden"
					default="static">
					<option
						value="static"></option>
				</field>
			</fieldset>
		</fields>
	</config>
</extension>